,tweet_id,lat,lon,content,location,user,raw_source,data_point,time
836943847137689600,836943847137689600,,,"RT @CBS21NEWS: Lady Gaga to headline Coachella in place of Beyonce 

https://t.co/JMvIPhfWmG",wpekkaw,2506454993,"{'created_at': 'Wed Mar 01 14:18:57 +0000 2017', 'id': 836943847137689600, 'id_str': '836943847137689600', 'text': 'RT @CBS21NEWS: Lady Gaga to headline Coachella in place of Beyonce \n\nhttps://t.co/JMvIPhfWmG', 'truncated': False, 'entities': {'hashtags': [], 'symbols': [], 'user_mentions': [{'screen_name': 'CBS21NEWS', 'name': 'CBS 21 News', 'id': 9651842, 'id_str': '9651842', 'indices': [3, 13]}], 'urls': [{'url': 'https://t.co/JMvIPhfWmG', 'expanded_url': 'http://local21news.com/news/entertainment/lady-gaga-to-headline-coachella-in-place-of-beyonce', 'display_url': 'local21news.com/news/entertain‚Ä¶', 'indices': [69, 92]}]}, 'metadata': {'iso_language_code': 'en', 'result_type': 'recent'}, 'source': '<a href=""http://twitter.com/download/android"" rel=""nofollow"">Twitter for Android</a>', 'in_reply_to_status_id': None, 'in_reply_to_status_id_str': None, 'in_reply_to_user_id': None, 'in_reply_to_user_id_str': None, 'in_reply_to_screen_name': None, 'user': {'id': 2506454993, 'id_str': '2506454993', 'name': 'pekkaww', 'screen_name': 'PVirkka', 'location': 'wpekkaw', 'description': 'spittari????', 'url': 'http://t.co/5fvaU7vcKx', 'entities': {'url': {'urls': [{'url': 'http://t.co/5fvaU7vcKx', 'expanded_url': 'http://www.wwss.com', 'display_url': 'wwss.com', 'indices': [0, 22]}]}, 'description': {'urls': []}}, 'protected': False, 'followers_count': 774, 'friends_count': 523, 'listed_count': 233, 'created_at': 'Thu Apr 24 15:42:51 +0000 2014', 'favourites_count': 12129, 'utc_offset': None, 'time_zone': None, 'geo_enabled': False, 'verified': False, 'statuses_count': 64358, 'lang': 'fi', 'contributors_enabled': False, 'is_translator': False, 'is_translation_enabled': False, 'profile_background_color': 'C0DEED', 'profile_background_image_url': 'http://abs.twimg.com/images/themes/theme1/bg.png', 'profile_background_image_url_https': 'https://abs.twimg.com/images/themes/theme1/bg.png', 'profile_background_tile': False, 'profile_image_url': 'http://pbs.twimg.com/profile_images/519369829456048128/ijGUTElW_normal.jpeg', 'profile_image_url_https': 'https://pbs.twimg.com/profile_images/519369829456048128/ijGUTElW_normal.jpeg', 'profile_banner_url': 'https://pbs.twimg.com/profile_banners/2506454993/1412660350', 'profile_link_color': '1DA1F2', 'profile_sidebar_border_color': 'C0DEED', 'profile_sidebar_fill_color': 'DDEEF6', 'profile_text_color': '333333', 'profile_use_background_image': True, 'has_extended_profile': False, 'default_profile': True, 'default_profile_image': False, 'following': None, 'follow_request_sent': None, 'notifications': None, 'translator_type': 'none'}, 'geo': None, 'coordinates': None, 'place': None, 'contributors': None, 'retweeted_status': {'created_at': 'Wed Mar 01 14:15:02 +0000 2017', 'id': 836942859517341697, 'id_str': '836942859517341697', 'text': 'Lady Gaga to headline Coachella in place of Beyonce \n\nhttps://t.co/JMvIPhfWmG', 'truncated': False, 'entities': {'hashtags': [], 'symbols': [], 'user_mentions': [], 'urls': [{'url': 'https://t.co/JMvIPhfWmG', 'expanded_url': 'http://local21news.com/news/entertainment/lady-gaga-to-headline-coachella-in-place-of-beyonce', 'display_url': 'local21news.com/news/entertain‚Ä¶', 'indices': [54, 77]}]}, 'metadata': {'iso_language_code': 'en', 'result_type': 'recent'}, 'source': '<a href=""https://about.twitter.com/products/tweetdeck"" rel=""nofollow"">TweetDeck</a>', 'in_reply_to_status_id': None, 'in_reply_to_status_id_str': None, 'in_reply_to_user_id': None, 'in_reply_to_user_id_str': None, 'in_reply_to_screen_name': None, 'user': {'id': 9651842, 'id_str': '9651842', 'name': 'CBS 21 News', 'screen_name': 'CBS21NEWS', 'location': 'Harrisburg, Pennsylvania, USA', 'description': 'Your station for news, sports and weather in Central Pennsylvania.', 'url': 'http://t.co/GeDcKVs5WO', 'entities': {'url': {'urls': [{'url': 'http://t.co/GeDcKVs5WO', 'expanded_url': 'http://www.local21news.com/', 'display_url': 'local21news.com', 'indices': [0, 22]}]}, 'description': {'urls': []}}, 'protected': False, 'followers_count': 49351, 'friends_count': 872, 'listed_count': 670, 'created_at': 'Wed Oct 24 12:18:54 +0000 2007', 'favourites_count': 809, 'utc_offset': -18000, 'time_zone': 'Eastern Time (US & Canada)', 'geo_enabled': False, 'verified': True, 'statuses_count': 147917, 'lang': 'en', 'contributors_enabled': False, 'is_translator': False, 'is_translation_enabled': True, 'profile_background_color': '000000', 'profile_background_image_url': 'http://pbs.twimg.com/profile_background_images/378800000042559743/47b0f49752af8cb84140a3097bf0e164.jpeg', 'profile_background_image_url_https': 'https://pbs.twimg.com/profile_background_images/378800000042559743/47b0f49752af8cb84140a3097bf0e164.jpeg', 'profile_background_tile': False, 'profile_image_url': 'http://pbs.twimg.com/profile_images/758887448059359232/KG3gj6Md_normal.jpg', 'profile_image_url_https': 'https://pbs.twimg.com/profile_images/758887448059359232/KG3gj6Md_normal.jpg', 'profile_link_color': 'E60003', 'profile_sidebar_border_color': '000000', 'profile_sidebar_fill_color': 'E8E8E8', 'profile_text_color': '000000', 'profile_use_background_image': True, 'has_extended_profile': False, 'default_profile': False, 'default_profile_image': False, 'following': None, 'follow_request_sent': None, 'notifications': None, 'translator_type': 'none'}, 'geo': None, 'coordinates': None, 'place': None, 'contributors': None, 'is_quote_status': False, 'retweet_count': 1, 'favorite_count': 1, 'favorited': False, 'retweeted': False, 'possibly_sensitive': False, 'lang': 'en'}, 'is_quote_status': False, 'retweet_count': 1, 'favorite_count': 0, 'favorited': False, 'retweeted': False, 'possibly_sensitive': False, 'lang': 'en'}",none,Wed Mar 01 14:18:57 +0000 2017
836942859517341697,836942859517341697,,,"Lady Gaga to headline Coachella in place of Beyonce 

https://t.co/JMvIPhfWmG","Harrisburg, Pennsylvania, USA",9651842,"{'created_at': 'Wed Mar 01 14:15:02 +0000 2017', 'id': 836942859517341697, 'id_str': '836942859517341697', 'text': 'Lady Gaga to headline Coachella in place of Beyonce \n\nhttps://t.co/JMvIPhfWmG', 'truncated': False, 'entities': {'hashtags': [], 'symbols': [], 'user_mentions': [], 'urls': [{'url': 'https://t.co/JMvIPhfWmG', 'expanded_url': 'http://local21news.com/news/entertainment/lady-gaga-to-headline-coachella-in-place-of-beyonce', 'display_url': 'local21news.com/news/entertain‚Ä¶', 'indices': [54, 77]}]}, 'metadata': {'iso_language_code': 'en', 'result_type': 'recent'}, 'source': '<a href=""https://about.twitter.com/products/tweetdeck"" rel=""nofollow"">TweetDeck</a>', 'in_reply_to_status_id': None, 'in_reply_to_status_id_str': None, 'in_reply_to_user_id': None, 'in_reply_to_user_id_str': None, 'in_reply_to_screen_name': None, 'user': {'id': 9651842, 'id_str': '9651842', 'name': 'CBS 21 News', 'screen_name': 'CBS21NEWS', 'location': 'Harrisburg, Pennsylvania, USA', 'description': 'Your station for news, sports and weather in Central Pennsylvania.', 'url': 'http://t.co/GeDcKVs5WO', 'entities': {'url': {'urls': [{'url': 'http://t.co/GeDcKVs5WO', 'expanded_url': 'http://www.local21news.com/', 'display_url': 'local21news.com', 'indices': [0, 22]}]}, 'description': {'urls': []}}, 'protected': False, 'followers_count': 49351, 'friends_count': 872, 'listed_count': 670, 'created_at': 'Wed Oct 24 12:18:54 +0000 2007', 'favourites_count': 809, 'utc_offset': -18000, 'time_zone': 'Eastern Time (US & Canada)', 'geo_enabled': False, 'verified': True, 'statuses_count': 147917, 'lang': 'en', 'contributors_enabled': False, 'is_translator': False, 'is_translation_enabled': True, 'profile_background_color': '000000', 'profile_background_image_url': 'http://pbs.twimg.com/profile_background_images/378800000042559743/47b0f49752af8cb84140a3097bf0e164.jpeg', 'profile_background_image_url_https': 'https://pbs.twimg.com/profile_background_images/378800000042559743/47b0f49752af8cb84140a3097bf0e164.jpeg', 'profile_background_tile': False, 'profile_image_url': 'http://pbs.twimg.com/profile_images/758887448059359232/KG3gj6Md_normal.jpg', 'profile_image_url_https': 'https://pbs.twimg.com/profile_images/758887448059359232/KG3gj6Md_normal.jpg', 'profile_link_color': 'E60003', 'profile_sidebar_border_color': '000000', 'profile_sidebar_fill_color': 'E8E8E8', 'profile_text_color': '000000', 'profile_use_background_image': True, 'has_extended_profile': False, 'default_profile': False, 'default_profile_image': False, 'following': None, 'follow_request_sent': None, 'notifications': None, 'translator_type': 'none'}, 'geo': None, 'coordinates': None, 'place': None, 'contributors': None, 'is_quote_status': False, 'retweet_count': 1, 'favorite_count': 1, 'favorited': False, 'retweeted': False, 'possibly_sensitive': False, 'lang': 'en'}",none,Wed Mar 01 14:15:02 +0000 2017
836909349037608960,836909349037608960,,,#Harrisburg: Lady Gaga to headline Coachella in place of Beyonce https://t.co/w0bD3DKBqG,"Harrisburg, PA",92304777,"{'created_at': 'Wed Mar 01 12:01:52 +0000 2017', 'id': 836909349037608960, 'id_str': '836909349037608960', 'text': '#Harrisburg: Lady Gaga to headline Coachella in place of Beyonce https://t.co/w0bD3DKBqG', 'truncated': False, 'entities': {'hashtags': [{'text': 'Harrisburg', 'indices': [0, 11]}], 'symbols': [], 'user_mentions': [], 'urls': [{'url': 'https://t.co/w0bD3DKBqG', 'expanded_url': 'http://ow.ly/HjKH509T1lR', 'display_url': 'ow.ly/HjKH509T1lR', 'indices': [65, 88]}]}, 'metadata': {'iso_language_code': 'en', 'result_type': 'recent'}, 'source': '<a href=""http://www.hootsuite.com"" rel=""nofollow"">Hootsuite</a>', 'in_reply_to_status_id': None, 'in_reply_to_status_id_str': None, 'in_reply_to_user_id': None, 'in_reply_to_user_id_str': None, 'in_reply_to_screen_name': None, 'user': {'id': 92304777, 'id_str': '92304777', 'name': 'Harrisburgers', 'screen_name': 'harrisburgers', 'location': 'Harrisburg, PA', 'description': '#Harrisburg #News, #Gossip, #Politics, #Photos, #Lancaster, #York, #Carlisle, #Pennsylvania, #Watchdogs', 'url': 'http://t.co/hrLla8TqQC', 'entities': {'url': {'urls': [{'url': 'http://t.co/hrLla8TqQC', 'expanded_url': 'http://www.harrisburgers.com', 'display_url': 'harrisburgers.com', 'indices': [0, 22]}]}, 'description': {'urls': []}}, 'protected': False, 'followers_count': 4356, 'friends_count': 4197, 'listed_count': 187, 'created_at': 'Tue Nov 24 16:11:59 +0000 2009', 'favourites_count': 151, 'utc_offset': -18000, 'time_zone': 'Eastern Time (US & Canada)', 'geo_enabled': False, 'verified': False, 'statuses_count': 188256, 'lang': 'en', 'contributors_enabled': False, 'is_translator': False, 'is_translation_enabled': False, 'profile_background_color': 'BADFCD', 'profile_background_image_url': 'http://pbs.twimg.com/profile_background_images/755083254/e49de50a24ed177917320de17f146e4a.jpeg', 'profile_background_image_url_https': 'https://pbs.twimg.com/profile_background_images/755083254/e49de50a24ed177917320de17f146e4a.jpeg', 'profile_background_tile': True, 'profile_image_url': 'http://pbs.twimg.com/profile_images/680781080371265536/_BqnFzqu_normal.jpg', 'profile_image_url_https': 'https://pbs.twimg.com/profile_images/680781080371265536/_BqnFzqu_normal.jpg', 'profile_banner_url': 'https://pbs.twimg.com/profile_banners/92304777/1451145776', 'profile_link_color': 'FF0000', 'profile_sidebar_border_color': '000000', 'profile_sidebar_fill_color': 'DDEEF6', 'profile_text_color': '333333', 'profile_use_background_image': True, 'has_extended_profile': False, 'default_profile': False, 'default_profile_image': False, 'following': None, 'follow_request_sent': None, 'notifications': None, 'translator_type': 'none'}, 'geo': None, 'coordinates': None, 'place': None, 'contributors': None, 'is_quote_status': False, 'retweet_count': 0, 'favorite_count': 0, 'favorited': False, 'retweeted': False, 'possibly_sensitive': False, 'lang': 'en'}",none,Wed Mar 01 12:01:52 +0000 2017
836891084202606593,836891084202606593,,,Lady Gaga to headline Coachella in place of Beyonce https://t.co/rflB1BXV1G,"Harrisburg, PA",15145034,"{'created_at': 'Wed Mar 01 10:49:17 +0000 2017', 'id': 836891084202606593, 'id_str': '836891084202606593', 'text': 'Lady Gaga to headline Coachella in place of Beyonce https://t.co/rflB1BXV1G', 'truncated': False, 'entities': {'hashtags': [], 'symbols': [], 'user_mentions': [], 'urls': [{'url': 'https://t.co/rflB1BXV1G', 'expanded_url': 'http://wp.me/p5hgQ6-21H5', 'display_url': 'wp.me/p5hgQ6-21H5', 'indices': [52, 75]}]}, 'metadata': {'iso_language_code': 'en', 'result_type': 'recent'}, 'source': '<a href=""http://publicize.wp.com/"" rel=""nofollow"">WordPress.com</a>', 'in_reply_to_status_id': None, 'in_reply_to_status_id_str': None, 'in_reply_to_user_id': None, 'in_reply_to_user_id_str': None, 'in_reply_to_screen_name': None, 'user': {'id': 15145034, 'id_str': '15145034', 'name': 'abc27 WHTM', 'screen_name': 'abc27News', 'location': 'Harrisburg, PA', 'description': ""Central Pennsylvania's leader in local news, sports and information. Social media policy: https://t.co/XJQMn2Ij0R"", 'url': 'https://t.co/INzj9IQB4I', 'entities': {'url': {'urls': [{'url': 'https://t.co/INzj9IQB4I', 'expanded_url': 'http://www.abc27.com', 'display_url': 'abc27.com', 'indices': [0, 23]}]}, 'description': {'urls': [{'url': 'https://t.co/XJQMn2Ij0R', 'expanded_url': 'http://abc27.com/social-media-policy/', 'display_url': 'abc27.com/social-media-p‚Ä¶', 'indices': [90, 113]}]}}, 'protected': False, 'followers_count': 83448, 'friends_count': 850, 'listed_count': 726, 'created_at': 'Tue Jun 17 12:36:05 +0000 2008', 'favourites_count': 945, 'utc_offset': -18000, 'time_zone': 'Eastern Time (US & Canada)', 'geo_enabled': True, 'verified': True, 'statuses_count': 120241, 'lang': 'en', 'contributors_enabled': False, 'is_translator': False, 'is_translation_enabled': False, 'profile_background_color': '050505', 'profile_background_image_url': 'http://pbs.twimg.com/profile_background_images/880914624/445a265e97670072b6d5500a5c7f15d0.jpeg', 'profile_background_image_url_https': 'https://pbs.twimg.com/profile_background_images/880914624/445a265e97670072b6d5500a5c7f15d0.jpeg', 'profile_background_tile': False, 'profile_image_url': 'http://pbs.twimg.com/profile_images/802173436655181825/ef98EOnl_normal.jpg', 'profile_image_url_https': 'https://pbs.twimg.com/profile_images/802173436655181825/ef98EOnl_normal.jpg', 'profile_banner_url': 'https://pbs.twimg.com/profile_banners/15145034/1486059038', 'profile_link_color': '0084B4', 'profile_sidebar_border_color': 'FFFFFF', 'profile_sidebar_fill_color': 'DDFFCC', 'profile_text_color': '333333', 'profile_use_background_image': True, 'has_extended_profile': False, 'default_profile': False, 'default_profile_image': False, 'following': None, 'follow_request_sent': None, 'notifications': None, 'translator_type': 'none'}, 'geo': None, 'coordinates': None, 'place': None, 'contributors': None, 'is_quote_status': False, 'retweet_count': 0, 'favorite_count': 0, 'favorited': False, 'retweeted': False, 'possibly_sensitive': False, 'lang': 'en'}",none,Wed Mar 01 10:49:17 +0000 2017
836821541212024833,836821541212024833,,,#keepitlocked N/P: @beyonce feat. Jay Z &amp; Kanye West - Drunk In Love (Remix) (Clean) https://t.co/NSrgOrMyKh,Harrisburg Pa.,867943633,"{'created_at': 'Wed Mar 01 06:12:57 +0000 2017', 'id': 836821541212024833, 'id_str': '836821541212024833', 'text': '#keepitlocked N/P: @beyonce feat. Jay Z &amp; Kanye West - Drunk In Love (Remix) (Clean) https://t.co/NSrgOrMyKh', 'truncated': False, 'entities': {'hashtags': [{'text': 'keepitlocked', 'indices': [0, 13]}], 'symbols': [], 'user_mentions': [{'screen_name': 'Beyonce', 'name': 'BEYONC√â', 'id': 31239408, 'id_str': '31239408', 'indices': [19, 27]}], 'urls': [{'url': 'https://t.co/NSrgOrMyKh', 'expanded_url': 'http://tunein.com/radio/WTBOY-1075-HBG-s208454/', 'display_url': 'tunein.com/radio/WTBOY-10‚Ä¶', 'indices': [89, 112]}]}, 'metadata': {'iso_language_code': 'en', 'result_type': 'recent'}, 'source': '<a href=""http://sam-song.info"" rel=""nofollow"">SAM Broadcaster Song Info</a>', 'in_reply_to_status_id': None, 'in_reply_to_status_id_str': None, 'in_reply_to_user_id': None, 'in_reply_to_user_id_str': None, 'in_reply_to_screen_name': None, 'user': {'id': 867943633, 'id_str': '867943633', 'name': 'WTBOY 107.5 HBG', 'screen_name': '1DJTBOYGOLD', 'location': 'Harrisburg Pa.', 'description': 'I Rock Clubs, Mixtapes Parties and also a Mix Show Dj on WTBOY 107.5  HBG INTERNET RADIO EVERYDAY, SEND ME A DROP AND YOUR TRACK!! \n(CLEAN) Stop the Violence!!', 'url': 'http://t.co/ZCOSvmT7pg', 'entities': {'url': {'urls': [{'url': 'http://t.co/ZCOSvmT7pg', 'expanded_url': 'http://www.wtboy1075.com', 'display_url': 'wtboy1075.com', 'indices': [0, 22]}]}, 'description': {'urls': []}}, 'protected': False, 'followers_count': 763, 'friends_count': 437, 'listed_count': 31, 'created_at': 'Mon Oct 08 12:50:26 +0000 2012', 'favourites_count': 36, 'utc_offset': -18000, 'time_zone': 'Eastern Time (US & Canada)', 'geo_enabled': False, 'verified': False, 'statuses_count': 199633, 'lang': 'en', 'contributors_enabled': False, 'is_translator': False, 'is_translation_enabled': False, 'profile_background_color': '000000', 'profile_background_image_url': 'http://abs.twimg.com/images/themes/theme1/bg.png', 'profile_background_image_url_https': 'https://abs.twimg.com/images/themes/theme1/bg.png', 'profile_background_tile': False, 'profile_image_url': 'http://pbs.twimg.com/profile_images/711964123857158144/M2WOywgm_normal.jpg', 'profile_image_url_https': 'https://pbs.twimg.com/profile_images/711964123857158144/M2WOywgm_normal.jpg', 'profile_banner_url': 'https://pbs.twimg.com/profile_banners/867943633/1421773367', 'profile_link_color': '4A913C', 'profile_sidebar_border_color': '000000', 'profile_sidebar_fill_color': '000000', 'profile_text_color': '000000', 'profile_use_background_image': False, 'has_extended_profile': False, 'default_profile': False, 'default_profile_image': False, 'following': None, 'follow_request_sent': None, 'notifications': None, 'translator_type': 'none'}, 'geo': None, 'coordinates': None, 'place': None, 'contributors': None, 'is_quote_status': False, 'retweet_count': 0, 'favorite_count': 0, 'favorited': False, 'retweeted': False, 'possibly_sensitive': False, 'lang': 'en'}",none,Wed Mar 01 06:12:57 +0000 2017
836730244363079680,836730244363079680,,,Lady Gaga Will Replace Beyonce At Coachella: Report https://t.co/U22IQYJ6YO,"Harrisburg, PA",33578280,"{'created_at': 'Wed Mar 01 00:10:10 +0000 2017', 'id': 836730244363079680, 'id_str': '836730244363079680', 'text': 'Lady Gaga Will Replace Beyonce At Coachella: Report https://t.co/U22IQYJ6YO', 'truncated': False, 'entities': {'hashtags': [], 'symbols': [], 'user_mentions': [], 'urls': [{'url': 'https://t.co/U22IQYJ6YO', 'expanded_url': 'http://trib.al/zNsCX0F', 'display_url': 'trib.al/zNsCX0F', 'indices': [52, 75]}]}, 'metadata': {'iso_language_code': 'en', 'result_type': 'recent'}, 'source': '<a href=""http://www.socialflow.com"" rel=""nofollow"">SocialFlow</a>', 'in_reply_to_status_id': None, 'in_reply_to_status_id_str': None, 'in_reply_to_user_id': None, 'in_reply_to_user_id_str': None, 'in_reply_to_screen_name': None, 'user': {'id': 33578280, 'id_str': '33578280', 'name': '99.3 KISS FM', 'screen_name': 'kissfm993', 'location': 'Harrisburg, PA', 'description': ""99.3 KISS FM is Central PA's Hit Music Station!"", 'url': 'http://t.co/NX7XZSFu3c', 'entities': {'url': {'urls': [{'url': 'http://t.co/NX7XZSFu3c', 'expanded_url': 'http://www.993kissfm.com', 'display_url': '993kissfm.com', 'indices': [0, 22]}]}, 'description': {'urls': []}}, 'protected': False, 'followers_count': 9021, 'friends_count': 471, 'listed_count': 128, 'created_at': 'Mon Apr 20 16:52:32 +0000 2009', 'favourites_count': 522, 'utc_offset': -18000, 'time_zone': 'Eastern Time (US & Canada)', 'geo_enabled': True, 'verified': False, 'statuses_count': 72743, 'lang': 'en', 'contributors_enabled': False, 'is_translator': False, 'is_translation_enabled': False, 'profile_background_color': '131516', 'profile_background_image_url': 'http://abs.twimg.com/images/themes/theme14/bg.gif', 'profile_background_image_url_https': 'https://abs.twimg.com/images/themes/theme14/bg.gif', 'profile_background_tile': True, 'profile_image_url': 'http://pbs.twimg.com/profile_images/615505507831263232/bgDlrZZ8_normal.png', 'profile_image_url_https': 'https://pbs.twimg.com/profile_images/615505507831263232/bgDlrZZ8_normal.png', 'profile_banner_url': 'https://pbs.twimg.com/profile_banners/33578280/1444054191', 'profile_link_color': 'DB11CE', 'profile_sidebar_border_color': 'FFFFFF', 'profile_sidebar_fill_color': 'EFEFEF', 'profile_text_color': '333333', 'profile_use_background_image': True, 'has_extended_profile': False, 'default_profile': False, 'default_profile_image': False, 'following': None, 'follow_request_sent': None, 'notifications': None, 'translator_type': 'none'}, 'geo': None, 'coordinates': None, 'place': None, 'contributors': None, 'is_quote_status': False, 'retweet_count': 0, 'favorite_count': 0, 'favorited': False, 'retweeted': False, 'possibly_sensitive': False, 'lang': 'en'}",none,Wed Mar 01 00:10:10 +0000 2017
836673660362555393,836673660362555393,,,#keepitlocked N/P: @beyonce - Rocket (Clean) https://t.co/NSrgOrMyKh,Harrisburg Pa.,867943633,"{'created_at': 'Tue Feb 28 20:25:19 +0000 2017', 'id': 836673660362555393, 'id_str': '836673660362555393', 'text': '#keepitlocked N/P: @beyonce - Rocket (Clean) https://t.co/NSrgOrMyKh', 'truncated': False, 'entities': {'hashtags': [{'text': 'keepitlocked', 'indices': [0, 13]}], 'symbols': [], 'user_mentions': [{'screen_name': 'Beyonce', 'name': 'BEYONC√â', 'id': 31239408, 'id_str': '31239408', 'indices': [19, 27]}], 'urls': [{'url': 'https://t.co/NSrgOrMyKh', 'expanded_url': 'http://tunein.com/radio/WTBOY-1075-HBG-s208454/', 'display_url': 'tunein.com/radio/WTBOY-10‚Ä¶', 'indices': [45, 68]}]}, 'metadata': {'iso_language_code': 'en', 'result_type': 'recent'}, 'source': '<a href=""http://sam-song.info"" rel=""nofollow"">SAM Broadcaster Song Info</a>', 'in_reply_to_status_id': None, 'in_reply_to_status_id_str': None, 'in_reply_to_user_id': None, 'in_reply_to_user_id_str': None, 'in_reply_to_screen_name': None, 'user': {'id': 867943633, 'id_str': '867943633', 'name': 'WTBOY 107.5 HBG', 'screen_name': '1DJTBOYGOLD', 'location': 'Harrisburg Pa.', 'description': 'I Rock Clubs, Mixtapes Parties and also a Mix Show Dj on WTBOY 107.5  HBG INTERNET RADIO EVERYDAY, SEND ME A DROP AND YOUR TRACK!! \n(CLEAN) Stop the Violence!!', 'url': 'http://t.co/ZCOSvmT7pg', 'entities': {'url': {'urls': [{'url': 'http://t.co/ZCOSvmT7pg', 'expanded_url': 'http://www.wtboy1075.com', 'display_url': 'wtboy1075.com', 'indices': [0, 22]}]}, 'description': {'urls': []}}, 'protected': False, 'followers_count': 763, 'friends_count': 437, 'listed_count': 31, 'created_at': 'Mon Oct 08 12:50:26 +0000 2012', 'favourites_count': 36, 'utc_offset': -18000, 'time_zone': 'Eastern Time (US & Canada)', 'geo_enabled': False, 'verified': False, 'statuses_count': 199633, 'lang': 'en', 'contributors_enabled': False, 'is_translator': False, 'is_translation_enabled': False, 'profile_background_color': '000000', 'profile_background_image_url': 'http://abs.twimg.com/images/themes/theme1/bg.png', 'profile_background_image_url_https': 'https://abs.twimg.com/images/themes/theme1/bg.png', 'profile_background_tile': False, 'profile_image_url': 'http://pbs.twimg.com/profile_images/711964123857158144/M2WOywgm_normal.jpg', 'profile_image_url_https': 'https://pbs.twimg.com/profile_images/711964123857158144/M2WOywgm_normal.jpg', 'profile_banner_url': 'https://pbs.twimg.com/profile_banners/867943633/1421773367', 'profile_link_color': '4A913C', 'profile_sidebar_border_color': '000000', 'profile_sidebar_fill_color': '000000', 'profile_text_color': '000000', 'profile_use_background_image': False, 'has_extended_profile': False, 'default_profile': False, 'default_profile_image': False, 'following': None, 'follow_request_sent': None, 'notifications': None, 'translator_type': 'none'}, 'geo': None, 'coordinates': None, 'place': None, 'contributors': None, 'is_quote_status': False, 'retweet_count': 0, 'favorite_count': 0, 'favorited': False, 'retweeted': False, 'possibly_sensitive': False, 'lang': 'en'}",none,Tue Feb 28 20:25:19 +0000 2017
836668545496862722,836668545496862722,,,@GleekAli Whoever Kehlani is-that statement isn't true! Beyonc√© SLAYS!,"Grantville,PA",1873757142,"{'created_at': 'Tue Feb 28 20:05:00 +0000 2017', 'id': 836668545496862722, 'id_str': '836668545496862722', 'text': ""@GleekAli Whoever Kehlani is-that statement isn't true! Beyonc√© SLAYS!"", 'truncated': False, 'entities': {'hashtags': [], 'symbols': [], 'user_mentions': [{'screen_name': 'GleekAli', 'name': 'YONC√â', 'id': 1612320433, 'id_str': '1612320433', 'indices': [0, 9]}], 'urls': []}, 'metadata': {'iso_language_code': 'en', 'result_type': 'recent'}, 'source': '<a href=""http://twitter.com"" rel=""nofollow"">Twitter Web Client</a>', 'in_reply_to_status_id': 836668271906676736, 'in_reply_to_status_id_str': '836668271906676736', 'in_reply_to_user_id': 1612320433, 'in_reply_to_user_id_str': '1612320433', 'in_reply_to_screen_name': 'GleekAli', 'user': {'id': 1873757142, 'id_str': '1873757142', 'name': 'Adam Herr', 'screen_name': 'thepeppygleek', 'location': 'Grantville,PA', 'description': ""I'm a fanboy of Glee, #Supergirl & #Riverdale! I ship #Finchel, #Brittana & #Sanvers! My GF-@DemiLeaRivera"", 'url': None, 'entities': {'description': {'urls': []}}, 'protected': False, 'followers_count': 2027, 'friends_count': 2832, 'listed_count': 26, 'created_at': 'Tue Sep 17 02:16:46 +0000 2013', 'favourites_count': 39320, 'utc_offset': -18000, 'time_zone': 'Eastern Time (US & Canada)', 'geo_enabled': False, 'verified': False, 'statuses_count': 66386, 'lang': 'en', 'contributors_enabled': False, 'is_translator': False, 'is_translation_enabled': False, 'profile_background_color': 'FFFFFF', 'profile_background_image_url': 'http://pbs.twimg.com/profile_background_images/378800000089575258/22331b440cc1ec1a73567aacf6f09108.png', 'profile_background_image_url_https': 'https://pbs.twimg.com/profile_background_images/378800000089575258/22331b440cc1ec1a73567aacf6f09108.png', 'profile_background_tile': False, 'profile_image_url': 'http://pbs.twimg.com/profile_images/810482598048739328/Pfnyrtih_normal.jpg', 'profile_image_url_https': 'https://pbs.twimg.com/profile_images/810482598048739328/Pfnyrtih_normal.jpg', 'profile_banner_url': 'https://pbs.twimg.com/profile_banners/1873757142/1469196265', 'profile_link_color': 'FF0000', 'profile_sidebar_border_color': 'FFFFFF', 'profile_sidebar_fill_color': 'DDEEF6', 'profile_text_color': '333333', 'profile_use_background_image': True, 'has_extended_profile': True, 'default_profile': False, 'default_profile_image': False, 'following': None, 'follow_request_sent': None, 'notifications': None, 'translator_type': 'none'}, 'geo': None, 'coordinates': None, 'place': None, 'contributors': None, 'is_quote_status': False, 'retweet_count': 0, 'favorite_count': 0, 'favorited': False, 'retweeted': False, 'lang': 'en'}",none,Tue Feb 28 20:05:00 +0000 2017
836477322987466753,836477322987466753,,,"RT @akikozue: üå∫ queen de ouf . t'es la beyonce de ma tl, ton maquillage on fleek l√†...√©pouse moi ines .",#BLM,3201318117,"{'created_at': 'Tue Feb 28 07:25:09 +0000 2017', 'id': 836477322987466753, 'id_str': '836477322987466753', 'text': ""RT @akikozue: üå∫ queen de ouf . t'es la beyonce de ma tl, ton maquillage on fleek l√†...√©pouse moi ines ."", 'truncated': False, 'entities': {'hashtags': [], 'symbols': [], 'user_mentions': [{'screen_name': 'akikozue', 'name': 'X&', 'id': 3196318851, 'id_str': '3196318851', 'indices': [3, 12]}], 'urls': []}, 'metadata': {'iso_language_code': 'fr', 'result_type': 'recent'}, 'source': '<a href=""http://twitter.com/download/iphone"" rel=""nofollow"">Twitter for iPhone</a>', 'in_reply_to_status_id': None, 'in_reply_to_status_id_str': None, 'in_reply_to_user_id': None, 'in_reply_to_user_id_str': None, 'in_reply_to_screen_name': None, 'user': {'id': 3201318117, 'id_str': '3201318117', 'name': 'nes', 'screen_name': 'xshutoku', 'location': '#BLM', 'description': '[+86, -6] Black people provide all the entertainment only for the white people to take home all the awards', 'url': None, 'entities': {'description': {'urls': []}}, 'protected': False, 'followers_count': 404, 'friends_count': 59, 'listed_count': 8, 'created_at': 'Fri Apr 24 15:03:40 +0000 2015', 'favourites_count': 1547, 'utc_offset': -28800, 'time_zone': 'Pacific Time (US & Canada)', 'geo_enabled': True, 'verified': False, 'statuses_count': 10314, 'lang': 'fr', 'contributors_enabled': False, 'is_translator': False, 'is_translation_enabled': False, 'profile_background_color': '000000', 'profile_background_image_url': 'http://abs.twimg.com/images/themes/theme1/bg.png', 'profile_background_image_url_https': 'https://abs.twimg.com/images/themes/theme1/bg.png', 'profile_background_tile': False, 'profile_image_url': 'http://pbs.twimg.com/profile_images/835578132145049601/PXfz9ZDo_normal.jpg', 'profile_image_url_https': 'https://pbs.twimg.com/profile_images/835578132145049601/PXfz9ZDo_normal.jpg', 'profile_banner_url': 'https://pbs.twimg.com/profile_banners/3201318117/1488145040', 'profile_link_color': '111111', 'profile_sidebar_border_color': '000000', 'profile_sidebar_fill_color': '000000', 'profile_text_color': '000000', 'profile_use_background_image': False, 'has_extended_profile': True, 'default_profile': False, 'default_profile_image': False, 'following': None, 'follow_request_sent': None, 'notifications': None, 'translator_type': 'none'}, 'geo': None, 'coordinates': None, 'place': None, 'contributors': None, 'retweeted_status': {'created_at': 'Mon Feb 27 22:02:45 +0000 2017', 'id': 836335791546765316, 'id_str': '836335791546765316', 'text': ""üå∫ queen de ouf . t'es la beyonce de ma tl, ton maquillage on fleek l√†...√©pouse moi ines ."", 'truncated': False, 'entities': {'hashtags': [], 'symbols': [], 'user_mentions': [], 'urls': []}, 'metadata': {'iso_language_code': 'fr', 'result_type': 'recent'}, 'source': '<a href=""http://twitter.com/download/iphone"" rel=""nofollow"">Twitter for iPhone</a>', 'in_reply_to_status_id': 836329803074654209, 'in_reply_to_status_id_str': '836329803074654209', 'in_reply_to_user_id': 3196318851, 'in_reply_to_user_id_str': '3196318851', 'in_reply_to_screen_name': 'akikozue', 'user': {'id': 3196318851, 'id_str': '3196318851', 'name': 'X&', 'screen_name': 'akikozue', 'location': 'qntn', 'description': 'tro la honte', 'url': None, 'entities': {'description': {'urls': []}}, 'protected': False, 'followers_count': 358, 'friends_count': 54, 'listed_count': 17, 'created_at': 'Wed Apr 22 23:53:46 +0000 2015', 'favourites_count': 298, 'utc_offset': 3600, 'time_zone': 'Belgrade', 'geo_enabled': True, 'verified': False, 'statuses_count': 25846, 'lang': 'fr', 'contributors_enabled': False, 'is_translator': False, 'is_translation_enabled': False, 'profile_background_color': '000000', 'profile_background_image_url': 'http://pbs.twimg.com/profile_background_images/673540131559710720/UL3cIiIE.png', 'profile_background_image_url_https': 'https://pbs.twimg.com/profile_background_images/673540131559710720/UL3cIiIE.png', 'profile_background_tile': False, 'profile_image_url': 'http://pbs.twimg.com/profile_images/836604529139404800/q8MZyf0S_normal.jpg', 'profile_image_url_https': 'https://pbs.twimg.com/profile_images/836604529139404800/q8MZyf0S_normal.jpg', 'profile_banner_url': 'https://pbs.twimg.com/profile_banners/3196318851/1488284876', 'profile_link_color': '7FDBB6', 'profile_sidebar_border_color': 'C0DEED', 'profile_sidebar_fill_color': 'DDEEF6', 'profile_text_color': '333333', 'profile_use_background_image': True, 'has_extended_profile': False, 'default_profile': False, 'default_profile_image': False, 'following': None, 'follow_request_sent': None, 'notifications': None, 'translator_type': 'none'}, 'geo': None, 'coordinates': None, 'place': None, 'contributors': None, 'is_quote_status': False, 'retweet_count': 1, 'favorite_count': 1, 'favorited': False, 'retweeted': False, 'lang': 'fr'}, 'is_quote_status': False, 'retweet_count': 1, 'favorite_count': 0, 'favorited': False, 'retweeted': False, 'lang': 'fr'}",none,Tue Feb 28 07:25:09 +0000 2017
836335791546765316,836335791546765316,,,"üå∫ queen de ouf . t'es la beyonce de ma tl, ton maquillage on fleek l√†...√©pouse moi ines .",qntn,3196318851,"{'created_at': 'Mon Feb 27 22:02:45 +0000 2017', 'id': 836335791546765316, 'id_str': '836335791546765316', 'text': ""üå∫ queen de ouf . t'es la beyonce de ma tl, ton maquillage on fleek l√†...√©pouse moi ines ."", 'truncated': False, 'entities': {'hashtags': [], 'symbols': [], 'user_mentions': [], 'urls': []}, 'metadata': {'iso_language_code': 'fr', 'result_type': 'recent'}, 'source': '<a href=""http://twitter.com/download/iphone"" rel=""nofollow"">Twitter for iPhone</a>', 'in_reply_to_status_id': 836329803074654209, 'in_reply_to_status_id_str': '836329803074654209', 'in_reply_to_user_id': 3196318851, 'in_reply_to_user_id_str': '3196318851', 'in_reply_to_screen_name': 'akikozue', 'user': {'id': 3196318851, 'id_str': '3196318851', 'name': 'X&', 'screen_name': 'akikozue', 'location': 'qntn', 'description': 'tro la honte', 'url': None, 'entities': {'description': {'urls': []}}, 'protected': False, 'followers_count': 358, 'friends_count': 54, 'listed_count': 17, 'created_at': 'Wed Apr 22 23:53:46 +0000 2015', 'favourites_count': 298, 'utc_offset': 3600, 'time_zone': 'Belgrade', 'geo_enabled': True, 'verified': False, 'statuses_count': 25846, 'lang': 'fr', 'contributors_enabled': False, 'is_translator': False, 'is_translation_enabled': False, 'profile_background_color': '000000', 'profile_background_image_url': 'http://pbs.twimg.com/profile_background_images/673540131559710720/UL3cIiIE.png', 'profile_background_image_url_https': 'https://pbs.twimg.com/profile_background_images/673540131559710720/UL3cIiIE.png', 'profile_background_tile': False, 'profile_image_url': 'http://pbs.twimg.com/profile_images/836604529139404800/q8MZyf0S_normal.jpg', 'profile_image_url_https': 'https://pbs.twimg.com/profile_images/836604529139404800/q8MZyf0S_normal.jpg', 'profile_banner_url': 'https://pbs.twimg.com/profile_banners/3196318851/1488284876', 'profile_link_color': '7FDBB6', 'profile_sidebar_border_color': 'C0DEED', 'profile_sidebar_fill_color': 'DDEEF6', 'profile_text_color': '333333', 'profile_use_background_image': True, 'has_extended_profile': False, 'default_profile': False, 'default_profile_image': False, 'following': None, 'follow_request_sent': None, 'notifications': None, 'translator_type': 'none'}, 'geo': None, 'coordinates': None, 'place': None, 'contributors': None, 'is_quote_status': False, 'retweet_count': 1, 'favorite_count': 1, 'favorited': False, 'retweeted': False, 'lang': 'fr'}",none,Mon Feb 27 22:02:45 +0000 2017
836231458754871296,836231458754871296,,,RT @SamarRaining: 5. Beyonc√© - Crazy In Love https://t.co/mSfWVVvhdi,"Port Elizabeth, South Africa",826356619139223554,"{'created_at': 'Mon Feb 27 15:08:10 +0000 2017', 'id': 836231458754871296, 'id_str': '836231458754871296', 'text': 'RT @SamarRaining: 5. Beyonc√© - Crazy In Love https://t.co/mSfWVVvhdi', 'truncated': False, 'entities': {'hashtags': [], 'symbols': [], 'user_mentions': [{'screen_name': 'SamarRaining', 'name': 'Samar Mattar', 'id': 722884291, 'id_str': '722884291', 'indices': [3, 16]}], 'urls': [], 'media': [{'id': 836228313811148800, 'id_str': '836228313811148800', 'indices': [45, 68], 'media_url': 'http://pbs.twimg.com/ext_tw_video_thumb/836228313811148800/pu/img/MC5OpjScWE15Yhb0.jpg', 'media_url_https': 'https://pbs.twimg.com/ext_tw_video_thumb/836228313811148800/pu/img/MC5OpjScWE15Yhb0.jpg', 'url': 'https://t.co/mSfWVVvhdi', 'display_url': 'pic.twitter.com/mSfWVVvhdi', 'expanded_url': 'https://twitter.com/SamarRaining/status/836229445161746432/video/1', 'type': 'photo', 'sizes': {'small': {'w': 340, 'h': 191, 'resize': 'fit'}, 'large': {'w': 640, 'h': 360, 'resize': 'fit'}, 'thumb': {'w': 150, 'h': 150, 'resize': 'crop'}, 'medium': {'w': 600, 'h': 338, 'resize': 'fit'}}, 'source_status_id': 836229445161746432, 'source_status_id_str': '836229445161746432', 'source_user_id': 722884291, 'source_user_id_str': '722884291'}]}, 'extended_entities': {'media': [{'id': 836228313811148800, 'id_str': '836228313811148800', 'indices': [45, 68], 'media_url': 'http://pbs.twimg.com/ext_tw_video_thumb/836228313811148800/pu/img/MC5OpjScWE15Yhb0.jpg', 'media_url_https': 'https://pbs.twimg.com/ext_tw_video_thumb/836228313811148800/pu/img/MC5OpjScWE15Yhb0.jpg', 'url': 'https://t.co/mSfWVVvhdi', 'display_url': 'pic.twitter.com/mSfWVVvhdi', 'expanded_url': 'https://twitter.com/SamarRaining/status/836229445161746432/video/1', 'type': 'video', 'sizes': {'small': {'w': 340, 'h': 191, 'resize': 'fit'}, 'large': {'w': 640, 'h': 360, 'resize': 'fit'}, 'thumb': {'w': 150, 'h': 150, 'resize': 'crop'}, 'medium': {'w': 600, 'h': 338, 'resize': 'fit'}}, 'source_status_id': 836229445161746432, 'source_status_id_str': '836229445161746432', 'source_user_id': 722884291, 'source_user_id_str': '722884291', 'video_info': {'aspect_ratio': [16, 9], 'duration_millis': 140027, 'variants': [{'bitrate': 832000, 'content_type': 'video/mp4', 'url': 'https://video.twimg.com/ext_tw_video/836228313811148800/pu/vid/640x360/HrZdi7z_ipZUgjsA.mp4'}, {'content_type': 'application/dash+xml', 'url': 'https://video.twimg.com/ext_tw_video/836228313811148800/pu/pl/1OuW3rvzkhs7IKUs.mpd'}, {'content_type': 'application/x-mpegURL', 'url': 'https://video.twimg.com/ext_tw_video/836228313811148800/pu/pl/1OuW3rvzkhs7IKUs.m3u8'}, {'bitrate': 320000, 'content_type': 'video/mp4', 'url': 'https://video.twimg.com/ext_tw_video/836228313811148800/pu/vid/320x180/N20Qqpd13AJmgdXn.mp4'}]}, 'additional_media_info': {'monetizable': False, 'source_user': {'id': 722884291, 'id_str': '722884291', 'name': 'Samar Mattar', 'screen_name': 'SamarRaining', 'location': 'Violet Hill', 'description': 'MUFC‚ù§Ô∏è', 'url': None, 'entities': {'description': {'urls': []}}, 'protected': False, 'followers_count': 340, 'friends_count': 201, 'listed_count': 2, 'created_at': 'Sat Jul 28 21:52:54 +0000 2012', 'favourites_count': 528, 'utc_offset': 10800, 'time_zone': 'Kuwait', 'geo_enabled': True, 'verified': False, 'statuses_count': 11429, 'lang': 'en', 'contributors_enabled': False, 'is_translator': False, 'is_translation_enabled': False, 'profile_background_color': '417ADB', 'profile_background_image_url': 'http://abs.twimg.com/images/themes/theme11/bg.gif', 'profile_background_image_url_https': 'https://abs.twimg.com/images/themes/theme11/bg.gif', 'profile_background_tile': True, 'profile_image_url': 'http://pbs.twimg.com/profile_images/835963427973574657/YD6B_gvr_normal.jpg', 'profile_image_url_https': 'https://pbs.twimg.com/profile_images/835963427973574657/YD6B_gvr_normal.jpg', 'profile_banner_url': 'https://pbs.twimg.com/profile_banners/722884291/1486693980', 'profile_link_color': 'B40B43', 'profile_sidebar_border_color': 'C0DEED', 'profile_sidebar_fill_color': 'DDEEF6', 'profile_text_color': '333333', 'profile_use_background_image': True, 'has_extended_profile': True, 'default_profile': False, 'default_profile_image': False, 'following': None, 'follow_request_sent': None, 'notifications': None, 'translator_type': 'none'}}}]}, 'metadata': {'iso_language_code': 'en', 'result_type': 'recent'}, 'source': '<a href=""https://mobile.twitter.com"" rel=""nofollow"">Mobile Web (M5)</a>', 'in_reply_to_status_id': None, 'in_reply_to_status_id_str': None, 'in_reply_to_user_id': None, 'in_reply_to_user_id_str': None, 'in_reply_to_screen_name': None, 'user': {'id': 826356619139223554, 'id_str': '826356619139223554', 'name': 'Tamie', 'screen_name': 'miss_tamie', 'location': 'Port Elizabeth, South Africa', 'description': 'Life is but a dream \n\nüëë', 'url': None, 'entities': {'description': {'urls': []}}, 'protected': False, 'followers_count': 31, 'friends_count': 68, 'listed_count': 0, 'created_at': 'Tue Jan 31 09:09:05 +0000 2017', 'favourites_count': 188, 'utc_offset': None, 'time_zone': None, 'geo_enabled': False, 'verified': False, 'statuses_count': 128, 'lang': 'en', 'contributors_enabled': False, 'is_translator': False, 'is_translation_enabled': False, 'profile_background_color': 'F5F8FA', 'profile_background_image_url': None, 'profile_background_image_url_https': None, 'profile_background_tile': False, 'profile_image_url': 'http://pbs.twimg.com/profile_images/826448523189166080/x-LlkGYM_normal.jpg', 'profile_image_url_https': 'https://pbs.twimg.com/profile_images/826448523189166080/x-LlkGYM_normal.jpg', 'profile_banner_url': 'https://pbs.twimg.com/profile_banners/826356619139223554/1485875655', 'profile_link_color': '1DA1F2', 'profile_sidebar_border_color': 'C0DEED', 'profile_sidebar_fill_color': 'DDEEF6', 'profile_text_color': '333333', 'profile_use_background_image': True, 'has_extended_profile': True, 'default_profile': True, 'default_profile_image': False, 'following': None, 'follow_request_sent': None, 'notifications': None, 'translator_type': 'none'}, 'geo': None, 'coordinates': None, 'place': None, 'contributors': None, 'retweeted_status': {'created_at': 'Mon Feb 27 15:00:10 +0000 2017', 'id': 836229445161746432, 'id_str': '836229445161746432', 'text': '5. Beyonc√© - Crazy In Love https://t.co/mSfWVVvhdi', 'truncated': False, 'entities': {'hashtags': [], 'symbols': [], 'user_mentions': [], 'urls': [], 'media': [{'id': 836228313811148800, 'id_str': '836228313811148800', 'indices': [27, 50], 'media_url': 'http://pbs.twimg.com/ext_tw_video_thumb/836228313811148800/pu/img/MC5OpjScWE15Yhb0.jpg', 'media_url_https': 'https://pbs.twimg.com/ext_tw_video_thumb/836228313811148800/pu/img/MC5OpjScWE15Yhb0.jpg', 'url': 'https://t.co/mSfWVVvhdi', 'display_url': 'pic.twitter.com/mSfWVVvhdi', 'expanded_url': 'https://twitter.com/SamarRaining/status/836229445161746432/video/1', 'type': 'photo', 'sizes': {'small': {'w': 340, 'h': 191, 'resize': 'fit'}, 'large': {'w': 640, 'h': 360, 'resize': 'fit'}, 'thumb': {'w': 150, 'h': 150, 'resize': 'crop'}, 'medium': {'w': 600, 'h': 338, 'resize': 'fit'}}}]}, 'extended_entities': {'media': [{'id': 836228313811148800, 'id_str': '836228313811148800', 'indices': [27, 50], 'media_url': 'http://pbs.twimg.com/ext_tw_video_thumb/836228313811148800/pu/img/MC5OpjScWE15Yhb0.jpg', 'media_url_https': 'https://pbs.twimg.com/ext_tw_video_thumb/836228313811148800/pu/img/MC5OpjScWE15Yhb0.jpg', 'url': 'https://t.co/mSfWVVvhdi', 'display_url': 'pic.twitter.com/mSfWVVvhdi', 'expanded_url': 'https://twitter.com/SamarRaining/status/836229445161746432/video/1', 'type': 'video', 'sizes': {'small': {'w': 340, 'h': 191, 'resize': 'fit'}, 'large': {'w': 640, 'h': 360, 'resize': 'fit'}, 'thumb': {'w': 150, 'h': 150, 'resize': 'crop'}, 'medium': {'w': 600, 'h': 338, 'resize': 'fit'}}, 'video_info': {'aspect_ratio': [16, 9], 'duration_millis': 140027, 'variants': [{'bitrate': 832000, 'content_type': 'video/mp4', 'url': 'https://video.twimg.com/ext_tw_video/836228313811148800/pu/vid/640x360/HrZdi7z_ipZUgjsA.mp4'}, {'content_type': 'application/dash+xml', 'url': 'https://video.twimg.com/ext_tw_video/836228313811148800/pu/pl/1OuW3rvzkhs7IKUs.mpd'}, {'content_type': 'application/x-mpegURL', 'url': 'https://video.twimg.com/ext_tw_video/836228313811148800/pu/pl/1OuW3rvzkhs7IKUs.m3u8'}, {'bitrate': 320000, 'content_type': 'video/mp4', 'url': 'https://video.twimg.com/ext_tw_video/836228313811148800/pu/vid/320x180/N20Qqpd13AJmgdXn.mp4'}]}, 'additional_media_info': {'monetizable': False}}]}, 'metadata': {'iso_language_code': 'en', 'result_type': 'recent'}, 'source': '<a href=""http://twitter.com/download/iphone"" rel=""nofollow"">Twitter for iPhone</a>', 'in_reply_to_status_id': 835865325472219138, 'in_reply_to_status_id_str': '835865325472219138', 'in_reply_to_user_id': 722884291, 'in_reply_to_user_id_str': '722884291', 'in_reply_to_screen_name': 'SamarRaining', 'user': {'id': 722884291, 'id_str': '722884291', 'name': 'Samar Mattar', 'screen_name': 'SamarRaining', 'location': 'Violet Hill', 'description': 'MUFC‚ù§Ô∏è', 'url': None, 'entities': {'description': {'urls': []}}, 'protected': False, 'followers_count': 340, 'friends_count': 201, 'listed_count': 2, 'created_at': 'Sat Jul 28 21:52:54 +0000 2012', 'favourites_count': 528, 'utc_offset': 10800, 'time_zone': 'Kuwait', 'geo_enabled': True, 'verified': False, 'statuses_count': 11429, 'lang': 'en', 'contributors_enabled': False, 'is_translator': False, 'is_translation_enabled': False, 'profile_background_color': '417ADB', 'profile_background_image_url': 'http://abs.twimg.com/images/themes/theme11/bg.gif', 'profile_background_image_url_https': 'https://abs.twimg.com/images/themes/theme11/bg.gif', 'profile_background_tile': True, 'profile_image_url': 'http://pbs.twimg.com/profile_images/835963427973574657/YD6B_gvr_normal.jpg', 'profile_image_url_https': 'https://pbs.twimg.com/profile_images/835963427973574657/YD6B_gvr_normal.jpg', 'profile_banner_url': 'https://pbs.twimg.com/profile_banners/722884291/1486693980', 'profile_link_color': 'B40B43', 'profile_sidebar_border_color': 'C0DEED', 'profile_sidebar_fill_color': 'DDEEF6', 'profile_text_color': '333333', 'profile_use_background_image': True, 'has_extended_profile': True, 'default_profile': False, 'default_profile_image': False, 'following': None, 'follow_request_sent': None, 'notifications': None, 'translator_type': 'none'}, 'geo': None, 'coordinates': None, 'place': None, 'contributors': None, 'is_quote_status': False, 'retweet_count': 1, 'favorite_count': 1, 'favorited': False, 'retweeted': False, 'possibly_sensitive': False, 'lang': 'en'}, 'is_quote_status': False, 'retweet_count': 1, 'favorite_count': 0, 'favorited': False, 'retweeted': False, 'possibly_sensitive': False, 'lang': 'en'}",none,Mon Feb 27 15:08:10 +0000 2017
836229445161746432,836229445161746432,,,5. Beyonc√© - Crazy In Love https://t.co/mSfWVVvhdi,Violet Hill,722884291,"{'created_at': 'Mon Feb 27 15:00:10 +0000 2017', 'id': 836229445161746432, 'id_str': '836229445161746432', 'text': '5. Beyonc√© - Crazy In Love https://t.co/mSfWVVvhdi', 'truncated': False, 'entities': {'hashtags': [], 'symbols': [], 'user_mentions': [], 'urls': [], 'media': [{'id': 836228313811148800, 'id_str': '836228313811148800', 'indices': [27, 50], 'media_url': 'http://pbs.twimg.com/ext_tw_video_thumb/836228313811148800/pu/img/MC5OpjScWE15Yhb0.jpg', 'media_url_https': 'https://pbs.twimg.com/ext_tw_video_thumb/836228313811148800/pu/img/MC5OpjScWE15Yhb0.jpg', 'url': 'https://t.co/mSfWVVvhdi', 'display_url': 'pic.twitter.com/mSfWVVvhdi', 'expanded_url': 'https://twitter.com/SamarRaining/status/836229445161746432/video/1', 'type': 'photo', 'sizes': {'small': {'w': 340, 'h': 191, 'resize': 'fit'}, 'large': {'w': 640, 'h': 360, 'resize': 'fit'}, 'thumb': {'w': 150, 'h': 150, 'resize': 'crop'}, 'medium': {'w': 600, 'h': 338, 'resize': 'fit'}}}]}, 'extended_entities': {'media': [{'id': 836228313811148800, 'id_str': '836228313811148800', 'indices': [27, 50], 'media_url': 'http://pbs.twimg.com/ext_tw_video_thumb/836228313811148800/pu/img/MC5OpjScWE15Yhb0.jpg', 'media_url_https': 'https://pbs.twimg.com/ext_tw_video_thumb/836228313811148800/pu/img/MC5OpjScWE15Yhb0.jpg', 'url': 'https://t.co/mSfWVVvhdi', 'display_url': 'pic.twitter.com/mSfWVVvhdi', 'expanded_url': 'https://twitter.com/SamarRaining/status/836229445161746432/video/1', 'type': 'video', 'sizes': {'small': {'w': 340, 'h': 191, 'resize': 'fit'}, 'large': {'w': 640, 'h': 360, 'resize': 'fit'}, 'thumb': {'w': 150, 'h': 150, 'resize': 'crop'}, 'medium': {'w': 600, 'h': 338, 'resize': 'fit'}}, 'video_info': {'aspect_ratio': [16, 9], 'duration_millis': 140027, 'variants': [{'bitrate': 832000, 'content_type': 'video/mp4', 'url': 'https://video.twimg.com/ext_tw_video/836228313811148800/pu/vid/640x360/HrZdi7z_ipZUgjsA.mp4'}, {'content_type': 'application/dash+xml', 'url': 'https://video.twimg.com/ext_tw_video/836228313811148800/pu/pl/1OuW3rvzkhs7IKUs.mpd'}, {'content_type': 'application/x-mpegURL', 'url': 'https://video.twimg.com/ext_tw_video/836228313811148800/pu/pl/1OuW3rvzkhs7IKUs.m3u8'}, {'bitrate': 320000, 'content_type': 'video/mp4', 'url': 'https://video.twimg.com/ext_tw_video/836228313811148800/pu/vid/320x180/N20Qqpd13AJmgdXn.mp4'}]}, 'additional_media_info': {'monetizable': False}}]}, 'metadata': {'iso_language_code': 'en', 'result_type': 'recent'}, 'source': '<a href=""http://twitter.com/download/iphone"" rel=""nofollow"">Twitter for iPhone</a>', 'in_reply_to_status_id': 835865325472219138, 'in_reply_to_status_id_str': '835865325472219138', 'in_reply_to_user_id': 722884291, 'in_reply_to_user_id_str': '722884291', 'in_reply_to_screen_name': 'SamarRaining', 'user': {'id': 722884291, 'id_str': '722884291', 'name': 'Samar Mattar', 'screen_name': 'SamarRaining', 'location': 'Violet Hill', 'description': 'MUFC‚ù§Ô∏è', 'url': None, 'entities': {'description': {'urls': []}}, 'protected': False, 'followers_count': 340, 'friends_count': 201, 'listed_count': 2, 'created_at': 'Sat Jul 28 21:52:54 +0000 2012', 'favourites_count': 528, 'utc_offset': 10800, 'time_zone': 'Kuwait', 'geo_enabled': True, 'verified': False, 'statuses_count': 11429, 'lang': 'en', 'contributors_enabled': False, 'is_translator': False, 'is_translation_enabled': False, 'profile_background_color': '417ADB', 'profile_background_image_url': 'http://abs.twimg.com/images/themes/theme11/bg.gif', 'profile_background_image_url_https': 'https://abs.twimg.com/images/themes/theme11/bg.gif', 'profile_background_tile': True, 'profile_image_url': 'http://pbs.twimg.com/profile_images/835963427973574657/YD6B_gvr_normal.jpg', 'profile_image_url_https': 'https://pbs.twimg.com/profile_images/835963427973574657/YD6B_gvr_normal.jpg', 'profile_banner_url': 'https://pbs.twimg.com/profile_banners/722884291/1486693980', 'profile_link_color': 'B40B43', 'profile_sidebar_border_color': 'C0DEED', 'profile_sidebar_fill_color': 'DDEEF6', 'profile_text_color': '333333', 'profile_use_background_image': True, 'has_extended_profile': True, 'default_profile': False, 'default_profile_image': False, 'following': None, 'follow_request_sent': None, 'notifications': None, 'translator_type': 'none'}, 'geo': None, 'coordinates': None, 'place': None, 'contributors': None, 'is_quote_status': False, 'retweet_count': 1, 'favorite_count': 1, 'favorited': False, 'retweeted': False, 'possibly_sensitive': False, 'lang': 'en'}",none,Mon Feb 27 15:00:10 +0000 2017
836129421396488193,836129421396488193,,,"RT @hank259: 2017. When Adele wins an award Beyonce earned/deserved. And when Casey wins an award Denzel earned/deserved. 

#Oscars #BGNOsc‚Ä¶",Hertfordshire,1044983342,"{'created_at': 'Mon Feb 27 08:22:43 +0000 2017', 'id': 836129421396488193, 'id_str': '836129421396488193', 'text': 'RT @hank259: 2017. When Adele wins an award Beyonce earned/deserved. And when Casey wins an award Denzel earned/deserved. \n\n#Oscars #BGNOsc‚Ä¶', 'truncated': False, 'entities': {'hashtags': [{'text': 'Oscars', 'indices': [124, 131]}], 'symbols': [], 'user_mentions': [{'screen_name': 'hank259', 'name': 'Henry Boima Johnson', 'id': 4884021464, 'id_str': '4884021464', 'indices': [3, 11]}], 'urls': []}, 'metadata': {'iso_language_code': 'en', 'result_type': 'recent'}, 'source': '<a href=""http://twitter.com/download/android"" rel=""nofollow"">Twitter for Android</a>', 'in_reply_to_status_id': None, 'in_reply_to_status_id_str': None, 'in_reply_to_user_id': None, 'in_reply_to_user_id_str': None, 'in_reply_to_screen_name': None, 'user': {'id': 1044983342, 'id_str': '1044983342', 'name': 'Funke Oduwole', 'screen_name': 'OduwoleF', 'location': 'Hertfordshire', 'description': 'Purpose', 'url': None, 'entities': {'description': {'urls': []}}, 'protected': False, 'followers_count': 498, 'friends_count': 1049, 'listed_count': 8, 'created_at': 'Sat Dec 29 14:13:38 +0000 2012', 'favourites_count': 44931, 'utc_offset': 0, 'time_zone': 'Europe/London', 'geo_enabled': False, 'verified': False, 'statuses_count': 8451, 'lang': 'en', 'contributors_enabled': False, 'is_translator': False, 'is_translation_enabled': False, 'profile_background_color': '0099B9', 'profile_background_image_url': 'http://abs.twimg.com/images/themes/theme4/bg.gif', 'profile_background_image_url_https': 'https://abs.twimg.com/images/themes/theme4/bg.gif', 'profile_background_tile': False, 'profile_image_url': 'http://pbs.twimg.com/profile_images/823481798982242305/KwMCrIyy_normal.jpg', 'profile_image_url_https': 'https://pbs.twimg.com/profile_images/823481798982242305/KwMCrIyy_normal.jpg', 'profile_banner_url': 'https://pbs.twimg.com/profile_banners/1044983342/1479259247', 'profile_link_color': '0099B9', 'profile_sidebar_border_color': '5ED4DC', 'profile_sidebar_fill_color': '95E8EC', 'profile_text_color': '3C3940', 'profile_use_background_image': True, 'has_extended_profile': True, 'default_profile': False, 'default_profile_image': False, 'following': None, 'follow_request_sent': None, 'notifications': None, 'translator_type': 'none'}, 'geo': None, 'coordinates': None, 'place': None, 'contributors': None, 'retweeted_status': {'created_at': 'Mon Feb 27 04:53:21 +0000 2017', 'id': 836076734432833537, 'id_str': '836076734432833537', 'text': '2017. When Adele wins an award Beyonce earned/deserved. And when Casey wins an award Denzel earned/deserved. \n\n#Oscars #BGNOscarsWatchParty', 'truncated': False, 'entities': {'hashtags': [{'text': 'Oscars', 'indices': [111, 118]}, {'text': 'BGNOscarsWatchParty', 'indices': [119, 139]}], 'symbols': [], 'user_mentions': [], 'urls': []}, 'metadata': {'iso_language_code': 'en', 'result_type': 'recent'}, 'source': '<a href=""http://twitter.com"" rel=""nofollow"">Twitter Web Client</a>', 'in_reply_to_status_id': None, 'in_reply_to_status_id_str': None, 'in_reply_to_user_id': None, 'in_reply_to_user_id_str': None, 'in_reply_to_screen_name': None, 'user': {'id': 4884021464, 'id_str': '4884021464', 'name': 'Henry Boima Johnson', 'screen_name': 'hank259', 'location': 'Harrisburg, PA', 'description': 'Jesus follower, people lover, quarter life crisis survivor, food eater, sports cheerer, husband and father, son and brother, trying to live and love like Jesus.', 'url': None, 'entities': {'description': {'urls': []}}, 'protected': False, 'followers_count': 850, 'friends_count': 815, 'listed_count': 29, 'created_at': 'Tue Feb 09 17:19:32 +0000 2016', 'favourites_count': 79932, 'utc_offset': None, 'time_zone': None, 'geo_enabled': True, 'verified': False, 'statuses_count': 20121, 'lang': 'en', 'contributors_enabled': False, 'is_translator': False, 'is_translation_enabled': False, 'profile_background_color': 'F5F8FA', 'profile_background_image_url': None, 'profile_background_image_url_https': None, 'profile_background_tile': False, 'profile_image_url': 'http://pbs.twimg.com/profile_images/819054922960355328/aamKrj2S_normal.jpg', 'profile_image_url_https': 'https://pbs.twimg.com/profile_images/819054922960355328/aamKrj2S_normal.jpg', 'profile_banner_url': 'https://pbs.twimg.com/profile_banners/4884021464/1455088779', 'profile_link_color': '1DA1F2', 'profile_sidebar_border_color': 'C0DEED', 'profile_sidebar_fill_color': 'DDEEF6', 'profile_text_color': '333333', 'profile_use_background_image': True, 'has_extended_profile': True, 'default_profile': True, 'default_profile_image': False, 'following': None, 'follow_request_sent': None, 'notifications': None, 'translator_type': 'none'}, 'geo': None, 'coordinates': None, 'place': None, 'contributors': None, 'is_quote_status': False, 'retweet_count': 37, 'favorite_count': 60, 'favorited': False, 'retweeted': False, 'lang': 'en'}, 'is_quote_status': False, 'retweet_count': 37, 'favorite_count': 0, 'favorited': False, 'retweeted': False, 'lang': 'en'}",none,Mon Feb 27 08:22:43 +0000 2017
836128021383872515,836128021383872515,,,"RT @hank259: 2017. When Adele wins an award Beyonce earned/deserved. And when Casey wins an award Denzel earned/deserved. 

#Oscars #BGNOsc‚Ä¶",,529271460,"{'created_at': 'Mon Feb 27 08:17:09 +0000 2017', 'id': 836128021383872515, 'id_str': '836128021383872515', 'text': 'RT @hank259: 2017. When Adele wins an award Beyonce earned/deserved. And when Casey wins an award Denzel earned/deserved. \n\n#Oscars #BGNOsc‚Ä¶', 'truncated': False, 'entities': {'hashtags': [{'text': 'Oscars', 'indices': [124, 131]}], 'symbols': [], 'user_mentions': [{'screen_name': 'hank259', 'name': 'Henry Boima Johnson', 'id': 4884021464, 'id_str': '4884021464', 'indices': [3, 11]}], 'urls': []}, 'metadata': {'iso_language_code': 'en', 'result_type': 'recent'}, 'source': '<a href=""http://twitter.com/download/android"" rel=""nofollow"">Twitter for Android</a>', 'in_reply_to_status_id': None, 'in_reply_to_status_id_str': None, 'in_reply_to_user_id': None, 'in_reply_to_user_id_str': None, 'in_reply_to_screen_name': None, 'user': {'id': 529271460, 'id_str': '529271460', 'name': 'Brooklyn Sides', 'screen_name': 'young_hovaa78', 'location': '', 'description': 'So where you from?', 'url': None, 'entities': {'description': {'urls': []}}, 'protected': False, 'followers_count': 148, 'friends_count': 803, 'listed_count': 2, 'created_at': 'Mon Mar 19 10:19:37 +0000 2012', 'favourites_count': 823, 'utc_offset': None, 'time_zone': None, 'geo_enabled': True, 'verified': False, 'statuses_count': 3125, 'lang': 'fr', 'contributors_enabled': False, 'is_translator': False, 'is_translation_enabled': False, 'profile_background_color': 'C0DEED', 'profile_background_image_url': 'http://abs.twimg.com/images/themes/theme1/bg.png', 'profile_background_image_url_https': 'https://abs.twimg.com/images/themes/theme1/bg.png', 'profile_background_tile': False, 'profile_image_url': 'http://pbs.twimg.com/profile_images/745309005506023425/eC7DrNQr_normal.jpg', 'profile_image_url_https': 'https://pbs.twimg.com/profile_images/745309005506023425/eC7DrNQr_normal.jpg', 'profile_banner_url': 'https://pbs.twimg.com/profile_banners/529271460/1351101749', 'profile_link_color': '1DA1F2', 'profile_sidebar_border_color': 'C0DEED', 'profile_sidebar_fill_color': 'DDEEF6', 'profile_text_color': '333333', 'profile_use_background_image': True, 'has_extended_profile': False, 'default_profile': True, 'default_profile_image': False, 'following': None, 'follow_request_sent': None, 'notifications': None, 'translator_type': 'none'}, 'geo': None, 'coordinates': None, 'place': None, 'contributors': None, 'retweeted_status': {'created_at': 'Mon Feb 27 04:53:21 +0000 2017', 'id': 836076734432833537, 'id_str': '836076734432833537', 'text': '2017. When Adele wins an award Beyonce earned/deserved. And when Casey wins an award Denzel earned/deserved. \n\n#Oscars #BGNOscarsWatchParty', 'truncated': False, 'entities': {'hashtags': [{'text': 'Oscars', 'indices': [111, 118]}, {'text': 'BGNOscarsWatchParty', 'indices': [119, 139]}], 'symbols': [], 'user_mentions': [], 'urls': []}, 'metadata': {'iso_language_code': 'en', 'result_type': 'recent'}, 'source': '<a href=""http://twitter.com"" rel=""nofollow"">Twitter Web Client</a>', 'in_reply_to_status_id': None, 'in_reply_to_status_id_str': None, 'in_reply_to_user_id': None, 'in_reply_to_user_id_str': None, 'in_reply_to_screen_name': None, 'user': {'id': 4884021464, 'id_str': '4884021464', 'name': 'Henry Boima Johnson', 'screen_name': 'hank259', 'location': 'Harrisburg, PA', 'description': 'Jesus follower, people lover, quarter life crisis survivor, food eater, sports cheerer, husband and father, son and brother, trying to live and love like Jesus.', 'url': None, 'entities': {'description': {'urls': []}}, 'protected': False, 'followers_count': 850, 'friends_count': 815, 'listed_count': 29, 'created_at': 'Tue Feb 09 17:19:32 +0000 2016', 'favourites_count': 79932, 'utc_offset': None, 'time_zone': None, 'geo_enabled': True, 'verified': False, 'statuses_count': 20121, 'lang': 'en', 'contributors_enabled': False, 'is_translator': False, 'is_translation_enabled': False, 'profile_background_color': 'F5F8FA', 'profile_background_image_url': None, 'profile_background_image_url_https': None, 'profile_background_tile': False, 'profile_image_url': 'http://pbs.twimg.com/profile_images/819054922960355328/aamKrj2S_normal.jpg', 'profile_image_url_https': 'https://pbs.twimg.com/profile_images/819054922960355328/aamKrj2S_normal.jpg', 'profile_banner_url': 'https://pbs.twimg.com/profile_banners/4884021464/1455088779', 'profile_link_color': '1DA1F2', 'profile_sidebar_border_color': 'C0DEED', 'profile_sidebar_fill_color': 'DDEEF6', 'profile_text_color': '333333', 'profile_use_background_image': True, 'has_extended_profile': True, 'default_profile': True, 'default_profile_image': False, 'following': None, 'follow_request_sent': None, 'notifications': None, 'translator_type': 'none'}, 'geo': None, 'coordinates': None, 'place': None, 'contributors': None, 'is_quote_status': False, 'retweet_count': 37, 'favorite_count': 60, 'favorited': False, 'retweeted': False, 'lang': 'en'}, 'is_quote_status': False, 'retweet_count': 37, 'favorite_count': 0, 'favorited': False, 'retweeted': False, 'lang': 'en'}",none,Mon Feb 27 08:17:09 +0000 2017
836091669497798656,836091669497798656,,,"RT @hank259: 2017. When Adele wins an award Beyonce earned/deserved. And when Casey wins an award Denzel earned/deserved. 

#Oscars #BGNOsc‚Ä¶","San Francisco, CA",1461252662,"{'created_at': 'Mon Feb 27 05:52:42 +0000 2017', 'id': 836091669497798656, 'id_str': '836091669497798656', 'text': 'RT @hank259: 2017. When Adele wins an award Beyonce earned/deserved. And when Casey wins an award Denzel earned/deserved. \n\n#Oscars #BGNOsc‚Ä¶', 'truncated': False, 'entities': {'hashtags': [{'text': 'Oscars', 'indices': [124, 131]}], 'symbols': [], 'user_mentions': [{'screen_name': 'hank259', 'name': 'Henry Boima Johnson', 'id': 4884021464, 'id_str': '4884021464', 'indices': [3, 11]}], 'urls': []}, 'metadata': {'iso_language_code': 'en', 'result_type': 'recent'}, 'source': '<a href=""http://twitter.com/download/iphone"" rel=""nofollow"">Twitter for iPhone</a>', 'in_reply_to_status_id': None, 'in_reply_to_status_id_str': None, 'in_reply_to_user_id': None, 'in_reply_to_user_id_str': None, 'in_reply_to_screen_name': None, 'user': {'id': 1461252662, 'id_str': '1461252662', 'name': 'Kale', 'screen_name': 'kaleyeahbro', 'location': 'San Francisco, CA', 'description': 'aspiring Knowles-Carter family nanny (avi by @bennybijou)', 'url': 'https://t.co/zlGVmc1XeX', 'entities': {'url': {'urls': [{'url': 'https://t.co/zlGVmc1XeX', 'expanded_url': 'http://kyledoan.squarespace.com', 'display_url': 'kyledoan.squarespace.com', 'indices': [0, 23]}]}, 'description': {'urls': []}}, 'protected': False, 'followers_count': 770, 'friends_count': 231, 'listed_count': 23, 'created_at': 'Mon May 27 04:25:39 +0000 2013', 'favourites_count': 37668, 'utc_offset': -28800, 'time_zone': 'Pacific Time (US & Canada)', 'geo_enabled': True, 'verified': False, 'statuses_count': 22249, 'lang': 'en', 'contributors_enabled': False, 'is_translator': False, 'is_translation_enabled': False, 'profile_background_color': '000000', 'profile_background_image_url': 'http://abs.twimg.com/images/themes/theme1/bg.png', 'profile_background_image_url_https': 'https://abs.twimg.com/images/themes/theme1/bg.png', 'profile_background_tile': False, 'profile_image_url': 'http://pbs.twimg.com/profile_images/829117192570494977/M5CFGk_f_normal.jpg', 'profile_image_url_https': 'https://pbs.twimg.com/profile_images/829117192570494977/M5CFGk_f_normal.jpg', 'profile_banner_url': 'https://pbs.twimg.com/profile_banners/1461252662/1488102389', 'profile_link_color': '000000', 'profile_sidebar_border_color': '000000', 'profile_sidebar_fill_color': 'DDEEF6', 'profile_text_color': '333333', 'profile_use_background_image': False, 'has_extended_profile': True, 'default_profile': False, 'default_profile_image': False, 'following': None, 'follow_request_sent': None, 'notifications': None, 'translator_type': 'none'}, 'geo': None, 'coordinates': None, 'place': None, 'contributors': None, 'retweeted_status': {'created_at': 'Mon Feb 27 04:53:21 +0000 2017', 'id': 836076734432833537, 'id_str': '836076734432833537', 'text': '2017. When Adele wins an award Beyonce earned/deserved. And when Casey wins an award Denzel earned/deserved. \n\n#Oscars #BGNOscarsWatchParty', 'truncated': False, 'entities': {'hashtags': [{'text': 'Oscars', 'indices': [111, 118]}, {'text': 'BGNOscarsWatchParty', 'indices': [119, 139]}], 'symbols': [], 'user_mentions': [], 'urls': []}, 'metadata': {'iso_language_code': 'en', 'result_type': 'recent'}, 'source': '<a href=""http://twitter.com"" rel=""nofollow"">Twitter Web Client</a>', 'in_reply_to_status_id': None, 'in_reply_to_status_id_str': None, 'in_reply_to_user_id': None, 'in_reply_to_user_id_str': None, 'in_reply_to_screen_name': None, 'user': {'id': 4884021464, 'id_str': '4884021464', 'name': 'Henry Boima Johnson', 'screen_name': 'hank259', 'location': 'Harrisburg, PA', 'description': 'Jesus follower, people lover, quarter life crisis survivor, food eater, sports cheerer, husband and father, son and brother, trying to live and love like Jesus.', 'url': None, 'entities': {'description': {'urls': []}}, 'protected': False, 'followers_count': 850, 'friends_count': 815, 'listed_count': 29, 'created_at': 'Tue Feb 09 17:19:32 +0000 2016', 'favourites_count': 79932, 'utc_offset': None, 'time_zone': None, 'geo_enabled': True, 'verified': False, 'statuses_count': 20121, 'lang': 'en', 'contributors_enabled': False, 'is_translator': False, 'is_translation_enabled': False, 'profile_background_color': 'F5F8FA', 'profile_background_image_url': None, 'profile_background_image_url_https': None, 'profile_background_tile': False, 'profile_image_url': 'http://pbs.twimg.com/profile_images/819054922960355328/aamKrj2S_normal.jpg', 'profile_image_url_https': 'https://pbs.twimg.com/profile_images/819054922960355328/aamKrj2S_normal.jpg', 'profile_banner_url': 'https://pbs.twimg.com/profile_banners/4884021464/1455088779', 'profile_link_color': '1DA1F2', 'profile_sidebar_border_color': 'C0DEED', 'profile_sidebar_fill_color': 'DDEEF6', 'profile_text_color': '333333', 'profile_use_background_image': True, 'has_extended_profile': True, 'default_profile': True, 'default_profile_image': False, 'following': None, 'follow_request_sent': None, 'notifications': None, 'translator_type': 'none'}, 'geo': None, 'coordinates': None, 'place': None, 'contributors': None, 'is_quote_status': False, 'retweet_count': 37, 'favorite_count': 60, 'favorited': False, 'retweeted': False, 'lang': 'en'}, 'is_quote_status': False, 'retweet_count': 37, 'favorite_count': 0, 'favorited': False, 'retweeted': False, 'lang': 'en'}",none,Mon Feb 27 05:52:42 +0000 2017
